time/step,reward/player_1,rollout/exploration_rate,reward/player_0,train/learning_rate,train/loss,train/n_updates
0,172.0,0.05,1684.0,,,
1,120.0,0.05,1737.0,2e-05,0.6862546547744424,1000
2,134.0,0.05,1195.0,2e-05,0.038449210558726916,2000
3,168.0,0.05,1228.0,2e-05,0.11126685194205493,3000
4,810.0,0.05,681.0,2e-05,0.05120073923654854,4000
5,1585.0,0.05,1284.0,2e-05,0.03033157452987507,5000
6,1074.0,0.05,1470.0,2e-05,0.003657229869364528,6000
7,1324.0,0.05,949.0,2e-05,0.002963691765326075,7000
8,1640.0,0.05,718.0,2e-05,0.05178880836255848,8000
9,482.0,0.05,1498.0,2e-05,0.05979077534389216,9000
10,284.0,0.05,1859.0,2e-05,0.702251137662679,10000
11,115.0,0.05,2642.0,2e-05,0.23966485845670105,11000
12,500.0,0.05,1115.0,2e-05,0.24624146320670842,12000
13,1304.0,0.05,34.0,2e-05,0.45827784536778926,13000
14,958.0,0.05,101.0,2e-05,0.03865003549325047,14000
15,955.0,0.05,200.0,2e-05,0.05433233567723073,15000
16,841.0,0.05,528.0,2e-05,0.10173881457350217,16000
17,870.0,0.05,538.0,2e-05,0.12941330779250712,17000
18,876.0,0.05,514.0,2e-05,0.026762551002437247,18000
19,768.0,0.05,690.0,2e-05,0.01196985539724119,19000
20,718.0,0.05,470.0,2e-05,0.20346229068888352,20000
21,1445.0,0.05,440.0,2e-05,0.11562700347881764,21000
22,1651.0,0.05,344.0,2e-05,0.05831465861201286,22000
23,1704.0,0.05,263.0,2e-05,0.05161665888363495,23000
24,1558.0,0.05,303.0,2e-05,0.03331606264179572,24000
25,1458.0,0.05,338.0,2e-05,0.02030058549810201,25000
26,1432.0,0.05,330.0,2e-05,0.016459170628222636,26000
27,1722.0,0.05,266.0,2e-05,0.02263949550970574,27000
28,1968.0,0.05,246.0,2e-05,0.02307003899922711,28000
29,2049.0,0.05,223.0,2e-05,0.023081250376322714,29000
30,1635.0,0.05,636.0,2e-05,0.1403247302484233,30000
31,2080.0,0.05,589.0,2e-05,0.040640485557029024,31000
32,2018.0,0.05,553.0,2e-05,0.028922558028716593,32000
33,2129.0,0.05,556.0,2e-05,0.02936744617705699,33000
34,2010.0,0.05,549.0,2e-05,0.012724160301615484,34000
35,1755.0,0.05,575.0,2e-05,0.01942727536096936,35000
36,1122.0,0.05,559.0,2e-05,0.008924404048768337,36000
37,655.0,0.05,488.0,2e-05,0.016894045315973927,37000
38,614.0,0.05,503.0,2e-05,0.014033114701102021,38000
39,518.0,0.05,521.0,2e-05,0.019444266793798307,39000
40,1323.0,0.05,703.0,2e-05,0.13714154383167623,40000
41,2455.0,0.05,63.0,2e-05,0.03702939601475373,41000
42,2480.0,0.05,58.0,2e-05,0.01961089915042976,42000
43,2450.0,0.05,70.0,2e-05,0.017999954949860696,43000
44,2475.0,0.05,42.0,2e-05,0.014728634124519885,44000
45,2465.0,0.05,68.0,2e-05,0.007466258164327883,45000
46,2465.0,0.05,62.0,2e-05,0.006254944131058437,46000
47,2490.0,0.05,56.0,2e-05,0.007415049042175269,47000
48,2485.0,0.05,60.0,2e-05,0.005813695194200591,48000
49,2425.0,0.05,66.0,2e-05,0.002196257273039919,49000
50,1980.0,0.05,434.0,2e-05,0.0352761871094699,50000
51,1787.0,0.05,590.0,2e-05,0.004728801245073555,51000
52,1696.0,0.05,522.0,2e-05,0.004278529001865536,52000
53,1654.0,0.05,603.0,2e-05,0.005542581452871673,53000
54,1637.0,0.05,627.0,2e-05,0.0011904173289667597,54000
55,1644.0,0.05,454.0,2e-05,0.00486153748453944,55000
56,609.0,0.05,588.0,2e-05,0.0013605539655254688,56000
57,507.0,0.05,593.0,2e-05,0.012951445541752036,57000
58,466.0,0.05,556.0,2e-05,0.004570396356997662,58000
59,428.0,0.05,524.0,2e-05,0.004608121917510289,59000
60,1264.0,0.05,529.0,2e-05,0.0818567655320512,60000
61,2435.0,0.05,80.0,2e-05,0.03081198863929603,61000
62,2435.0,0.05,78.0,2e-05,0.007058467780501815,62000
63,2450.0,0.05,72.0,2e-05,0.0027339454440880218,63000
64,2441.0,0.05,80.0,2e-05,0.000888340520516067,64000
65,2405.0,0.05,72.0,2e-05,0.0013531161179562332,65000
66,2470.0,0.05,68.0,2e-05,0.0003862439438835281,66000
67,2418.0,0.05,81.0,2e-05,0.0003193278955704955,67000
68,2450.0,0.05,48.0,2e-05,0.00044589907818317443,68000
69,2445.0,0.05,74.0,2e-05,0.00017677362116728546,69000
70,1970.0,0.05,430.0,2e-05,0.0334823570024746,70000
71,1619.0,0.05,493.0,2e-05,0.004077117760913097,71000
72,1551.0,0.05,554.0,2e-05,0.00474618174083298,72000
73,1056.0,0.05,462.0,2e-05,0.003238993792241672,73000
74,549.0,0.05,504.0,2e-05,0.010548057105275802,74000
75,578.0,0.05,689.0,2e-05,0.0069111114527622705,75000
76,432.0,0.05,640.0,2e-05,0.005034654405317269,76000
77,416.0,0.05,551.0,2e-05,0.0032745102506160037,77000
78,456.0,0.05,594.0,2e-05,0.0012765359065942902,78000
79,434.0,0.05,584.0,2e-05,0.001513876497552701,79000
80,1308.0,0.05,813.0,2e-05,0.08275044091930613,80000
81,2450.0,0.05,64.0,2e-05,0.013449377269484102,81000
82,2459.0,0.05,57.0,2e-05,0.003853468773260829,82000
83,2448.0,0.05,75.0,2e-05,0.0028808172495628243,83000
84,2488.0,0.05,61.0,2e-05,0.0007212492644557642,84000
85,2495.0,0.05,60.0,2e-05,0.00019439114204851648,85000
86,2440.0,0.05,70.0,2e-05,0.0001532260867347759,86000
87,2450.0,0.05,70.0,2e-05,0.00019993290986803914,87000
88,2470.0,0.05,54.0,2e-05,0.0003099750814744766,88000
89,2445.0,0.05,50.0,2e-05,0.00011709336638182322,89000
90,1935.0,0.05,418.0,2e-05,0.02976547453016974,90000
91,1893.0,0.05,417.0,2e-05,0.003327930602550623,91000
92,1686.0,0.05,542.0,2e-05,0.004590632958948845,92000
93,1624.0,0.05,580.0,2e-05,0.0023383726277133973,93000
94,1254.0,0.05,623.0,2e-05,0.0012958769211545587,94000
95,419.0,0.05,561.0,2e-05,0.002110154486465035,95000
96,416.0,0.05,768.0,2e-05,0.003587884058135387,96000
97,467.0,0.05,539.0,2e-05,0.004499507089465624,97000
98,998.0,0.05,529.0,2e-05,0.002038846007882967,98000
99,525.0,0.05,517.0,2e-05,0.0016753501950079225,99000
100,1708.0,0.05,356.0,2e-05,0.07487608684413136,100000
101,2445.0,0.05,78.0,2e-05,0.00926202939840732,101000
102,2500.0,0.05,38.0,2e-05,0.0010478293769519951,102000
103,2448.0,0.05,75.0,2e-05,0.0002984363209543517,103000
104,2465.0,0.05,62.0,2e-05,0.0003790666665445315,104000
105,2465.0,0.05,78.0,2e-05,0.00017551278074938638,105000
106,2440.0,0.05,68.0,2e-05,0.00022161803667131608,106000
107,2475.0,0.05,62.0,2e-05,0.00019090871448406688,107000
108,2453.0,0.05,78.0,2e-05,0.00014455203711440844,108000
109,2448.0,0.05,77.0,2e-05,0.0003429452586442494,109000
110,2243.0,0.05,219.0,2e-05,0.032306947839271745,110000
111,2377.0,0.05,106.0,2e-05,0.0021319138855869823,111000
112,2400.0,0.05,80.0,2e-05,0.0012437487723836965,112000
113,2355.0,0.05,89.0,2e-05,0.00018979196013333422,113000
114,2450.0,0.05,58.0,2e-05,0.0004237120769685134,114000
115,2445.0,0.05,76.0,2e-05,0.00018073347627864676,115000
116,2445.0,0.05,68.0,2e-05,0.00011177634149726145,116000
117,2490.0,0.05,64.0,2e-05,9.056349171805777e-05,117000
118,2453.0,0.05,74.0,2e-05,0.00011980718801942203,118000
119,2385.0,0.05,106.0,2e-05,0.00014209369316904485,119000
120,2475.0,0.05,60.0,2e-05,0.015593650480841461,120000
121,2455.0,0.05,50.0,2e-05,0.000588336834128313,121000
122,2460.0,0.05,58.0,2e-05,0.00015302674825989015,122000
123,2440.0,0.05,58.0,2e-05,0.00018633480278867865,123000
124,2429.0,0.05,57.0,2e-05,9.073230306853474e-05,124000
125,2443.0,0.05,73.0,2e-05,0.00018990343174755253,125000
126,2490.0,0.05,50.0,2e-05,0.00010740608505989258,126000
127,2460.0,0.05,58.0,2e-05,6.970463456218567e-05,127000
128,2473.0,0.05,51.0,2e-05,0.00010509455865690143,128000
129,2440.0,0.05,78.0,2e-05,5.984428071826642e-05,129000
130,2390.0,0.05,82.0,2e-05,0.010057953939402068,130000
131,2440.0,0.05,66.0,2e-05,0.000441817237648138,131000
132,2420.0,0.05,74.0,2e-05,0.00021706737938939115,132000
133,2440.0,0.05,80.0,2e-05,0.00010013032958943313,133000
134,2465.0,0.05,54.0,2e-05,0.00016156213254635076,134000
135,2433.0,0.05,76.0,2e-05,8.787494836451515e-05,135000
136,2435.0,0.05,64.0,2e-05,0.00012438197278152074,136000
137,2465.0,0.05,52.0,2e-05,6.438340238912588e-05,137000
138,2460.0,0.05,68.0,2e-05,8.1271065607325e-05,138000
139,2470.0,0.05,58.0,2e-05,8.444416395514054e-05,139000
140,2430.0,0.05,82.0,2e-05,0.007855450811690843,140000
141,2468.0,0.05,60.0,2e-05,0.0003172019214762258,141000
142,2450.0,0.05,58.0,2e-05,0.00020041925600708055,142000
143,2445.0,0.05,78.0,2e-05,0.00011477214410479065,143000
144,2455.0,0.05,74.0,2e-05,9.671904523020202e-05,144000
145,2415.0,0.05,72.0,2e-05,7.422918682959789e-05,145000
146,2450.0,0.05,74.0,2e-05,0.00014839562105134973,146000
147,2475.0,0.05,54.0,2e-05,9.64696231922062e-05,147000
148,2470.0,0.05,52.0,2e-05,0.00012023744076304865,148000
149,2490.0,0.05,48.0,2e-05,4.531364640024549e-05,149000
150,2420.0,0.05,90.0,2e-05,0.006995083441567658,150000
151,2453.0,0.05,65.0,2e-05,0.00030847797296428323,151000
152,2455.0,0.05,52.0,2e-05,0.0001791808177067651,152000
153,2470.0,0.05,64.0,2e-05,7.614941274141528e-05,153000
154,2475.0,0.05,70.0,2e-05,8.246611430922713e-05,154000
155,2450.0,0.05,76.0,2e-05,8.025320187334728e-05,155000
156,2420.0,0.05,80.0,2e-05,8.95851744871834e-05,156000
157,2436.0,0.05,60.0,2e-05,8.183783003323696e-05,157000
158,2460.0,0.05,66.0,2e-05,6.256688818893963e-05,158000
159,2450.0,0.05,60.0,2e-05,7.879776301774654e-05,159000
160,2460.0,0.05,62.0,2e-05,0.005799938368965741,160000
161,2410.0,0.05,92.0,2e-05,0.0001776734109243989,161000
162,2455.0,0.05,64.0,2e-05,0.00019639324579111416,162000
163,2443.0,0.05,76.0,2e-05,0.00011147667033583276,163000
164,2475.0,0.05,58.0,2e-05,0.0002378205166205589,164000
165,2475.0,0.05,68.0,2e-05,8.807859252738127e-05,165000
166,2425.0,0.05,60.0,2e-05,9.162437451914229e-05,166000
167,2470.0,0.05,74.0,2e-05,9.132386644250801e-05,167000
168,2438.0,0.05,75.0,2e-05,7.331691347326341e-05,168000
169,2470.0,0.05,58.0,2e-05,0.00016006564009603608,169000
170,2255.0,0.05,208.0,2e-05,0.004961071038563205,170000
171,2430.0,0.05,80.0,2e-05,0.0001613519855764025,171000
172,2435.0,0.05,80.0,2e-05,0.00013168668982234521,172000
173,2500.0,0.05,70.0,2e-05,0.0001415805149326843,173000
174,2386.0,0.05,114.0,2e-05,0.00011009495415646598,174000
175,2415.0,0.05,90.0,2e-05,0.00013994479601387865,175000
176,2393.0,0.05,123.0,2e-05,9.80109134484337e-05,176000
177,2365.0,0.05,128.0,2e-05,0.0001406281875961213,177000
178,2395.0,0.05,98.0,2e-05,0.00010059909243727816,178000
179,2370.0,0.05,144.0,2e-05,8.621836920201531e-05,179000
180,2465.0,0.05,60.0,2e-05,0.004500471689523692,180000
181,2431.0,0.05,78.0,2e-05,0.00013224615704348253,181000
182,2391.0,0.05,103.0,2e-05,0.00019624348709248806,182000
183,2440.0,0.05,84.0,2e-05,0.0002816972137134144,183000
184,2462.0,0.05,60.0,2e-05,0.00013772858400989206,184000
185,2383.0,0.05,103.0,2e-05,0.00017623164228643872,185000
186,2425.0,0.05,60.0,2e-05,0.00020706741612866607,186000
187,2380.0,0.05,108.0,2e-05,0.00011771425520555567,187000
188,2395.0,0.05,80.0,2e-05,0.00022423645815251804,188000
189,2450.0,0.05,70.0,2e-05,0.00020934053349355963,189000
190,2320.0,0.05,146.0,2e-05,0.00407578006001495,190000
191,2098.0,0.05,212.0,2e-05,0.00016795669796647417,191000
192,2411.0,0.05,66.0,2e-05,0.0014382391245380858,192000
193,2261.0,0.05,170.0,2e-05,0.0005027923991265198,193000
194,2262.0,0.05,170.0,2e-05,0.0002391251293129244,194000
195,2269.0,0.05,159.0,2e-05,0.00024881640512649025,195000
196,2256.0,0.05,126.0,2e-05,0.00014226736886121218,196000
197,2200.0,0.05,197.0,2e-05,0.0004194474113455726,197000
198,2200.0,0.05,151.0,2e-05,0.0005745093523692048,198000
199,1780.0,0.05,304.0,2e-05,0.0003498865457886495,199000
200,2242.0,0.05,170.0,2e-05,0.01971735741692828,200000
201,2470.0,0.05,59.0,2e-05,0.0012952475353085902,201000
202,2480.0,0.05,52.0,2e-05,0.0005325930931703624,202000
203,2430.0,0.05,61.0,2e-05,0.00039550793225771484,203000
204,2435.0,0.05,74.0,2e-05,0.00030613329418156354,204000
205,2465.0,0.05,52.0,2e-05,0.0004820076152718684,205000
206,2430.0,0.05,46.0,2e-05,0.00036660267488878163,206000
207,2400.0,0.05,82.0,2e-05,0.0003129750394091388,207000
208,2455.0,0.05,44.0,2e-05,0.00044876640060465434,208000
209,2463.0,0.05,73.0,2e-05,0.00023397324243251206,209000
210,2410.0,0.05,74.0,2e-05,0.01416760727201654,210000
211,2445.0,0.05,66.0,2e-05,0.0003287308821027182,211000
212,2420.0,0.05,78.0,2e-05,0.0001790050323329524,212000
213,2425.0,0.05,72.0,2e-05,0.00018564030790776088,213000
214,2433.0,0.05,77.0,2e-05,0.00016822245514231326,214000
215,2405.0,0.05,82.0,2e-05,0.00013707699699716614,215000
216,2460.0,0.05,46.0,2e-05,0.00016150358826325827,216000
217,2415.0,0.05,62.0,2e-05,8.96905532913479e-05,217000
218,2413.0,0.05,62.0,2e-05,0.00012538375676422219,218000
219,2463.0,0.05,36.0,2e-05,9.690600828571406e-05,219000
220,2430.0,0.05,58.0,2e-05,0.009335518018417588,220000
221,2440.0,0.05,56.0,2e-05,0.0004661504074865661,221000
222,2450.0,0.05,68.0,2e-05,0.0008097258512798362,222000
223,2435.0,0.05,70.0,2e-05,0.000340659093281829,223000
224,2475.0,0.05,48.0,2e-05,0.0003263196989300923,224000
225,2455.0,0.05,74.0,2e-05,0.00011006497273001514,225000
226,2425.0,0.05,76.0,2e-05,0.00025528075708461986,226000
227,2425.0,0.05,68.0,2e-05,0.00031501911671148264,227000
228,2470.0,0.05,78.0,2e-05,0.00040447248570853845,228000
229,2425.0,0.05,78.0,2e-05,0.0002175534682455691,229000
230,2390.0,0.05,68.0,2e-05,0.00919079909784341,230000
231,2438.0,0.05,50.0,2e-05,0.0004753715630804436,231000
232,2390.0,0.05,82.0,2e-05,0.0003392643893821514,232000
233,2403.0,0.05,87.0,2e-05,0.00027096681292005086,233000
234,2415.0,0.05,62.0,2e-05,0.00032443247305945986,234000
235,2430.0,0.05,66.0,2e-05,0.00014681115965777282,235000
236,2415.0,0.05,82.0,2e-05,0.00011293131684101354,236000
237,2415.0,0.05,64.0,2e-05,0.0001472697810477257,237000
238,2428.0,0.05,62.0,2e-05,6.520552681831759e-05,238000
239,2440.0,0.05,74.0,2e-05,0.00012248779143283174,239000
240,2455.0,0.05,72.0,2e-05,0.009286203115261743,240000
241,2465.0,0.05,38.0,2e-05,0.0007129524317497271,241000
242,2475.0,0.05,42.0,2e-05,0.00011497633290400699,242000
243,2490.0,0.05,66.0,2e-05,0.0003068949573394093,243000
244,2438.0,0.05,81.0,2e-05,0.00027478984414801744,244000
245,2445.0,0.05,54.0,2e-05,0.0007246500140281569,245000
246,2433.0,0.05,56.0,2e-05,0.0004351473286151304,246000
247,2460.0,0.05,46.0,2e-05,0.00039841648983610865,247000
248,2475.0,0.05,62.0,2e-05,0.00013412335268822063,248000
249,2450.0,0.05,68.0,2e-05,0.00029905156020072353,249000
250,2473.0,0.05,56.0,2e-05,0.006923209196676908,250000
251,2378.0,0.05,94.0,2e-05,0.0004690233889887168,251000
252,2418.0,0.05,55.0,2e-05,0.0004791946805707994,252000
253,2402.0,0.05,69.0,2e-05,0.000289814314490286,253000
254,2436.0,0.05,61.0,2e-05,0.0002800611246648259,254000
255,2413.0,0.05,68.0,2e-05,0.00024833279784797923,255000
256,2438.0,0.05,56.0,2e-05,0.00015632913727768027,256000
257,2451.0,0.05,77.0,2e-05,0.00016742340247674292,257000
258,2398.0,0.05,68.0,2e-05,0.00017585584027256118,258000
259,2453.0,0.05,58.0,2e-05,0.00032742655782567456,259000
260,2495.0,0.05,48.0,2e-05,0.006488705221512191,260000
261,2418.0,0.05,69.0,2e-05,0.0002282649591261361,261000
262,2458.0,0.05,66.0,2e-05,0.0006392479329879279,262000
263,2439.0,0.05,66.0,2e-05,0.00018482611984245524,263000
264,2428.0,0.05,72.0,2e-05,0.00010999801939124154,264000
265,2460.0,0.05,58.0,2e-05,0.0004758959284863522,265000
266,2383.0,0.05,93.0,2e-05,0.0001586752329430965,266000
267,2445.0,0.05,80.0,2e-05,0.0005574948054127162,267000
268,2455.0,0.05,51.0,2e-05,0.0002582394533051229,268000
269,2450.0,0.05,68.0,2e-05,0.0003597653794654434,269000
270,2370.0,0.05,64.0,2e-05,0.005643856927415982,270000
271,2370.0,0.05,73.0,2e-05,0.00019141803629099742,271000
272,2360.0,0.05,88.0,2e-05,0.0003596778712262676,272000
273,2333.0,0.05,76.0,2e-05,0.00023673983352409778,273000
274,2378.0,0.05,70.0,2e-05,0.00046022232942050323,274000
275,2370.0,0.05,72.0,2e-05,0.00024830760711211044,275000
276,2337.0,0.05,89.0,2e-05,0.00011819740229134368,276000
277,2357.0,0.05,69.0,2e-05,0.00022571007364967954,277000
278,2178.0,0.05,127.0,2e-05,0.00011812268055973618,278000
279,2249.0,0.05,63.0,2e-05,0.0005681598714436405,279000
280,2418.0,0.05,63.0,2e-05,0.015024156332146958,280000
281,2413.0,0.05,65.0,2e-05,0.0015564029471534014,281000
282,2441.0,0.05,71.0,2e-05,0.0005829249694979808,282000
283,2445.0,0.05,60.0,2e-05,0.0005919217994105565,283000
284,2435.0,0.05,56.0,2e-05,0.0006100611579531687,284000
285,2480.0,0.05,60.0,2e-05,0.0005622014343007322,285000
286,2470.0,0.05,68.0,2e-05,0.0005307625060249848,286000
287,2453.0,0.05,62.0,2e-05,0.000679196295890506,287000
288,2430.0,0.05,82.0,2e-05,0.0005056114039298336,288000
289,2470.0,0.05,64.0,2e-05,0.00033084812916786175,289000
290,2370.0,0.05,76.0,2e-05,0.0084920965670226,290000
291,2415.0,0.05,60.0,2e-05,0.0009507980224225321,291000
292,2340.0,0.05,66.0,2e-05,0.0004759398408350535,292000
293,2380.0,0.05,61.0,2e-05,0.00037556225525167973,293000
294,2383.0,0.05,61.0,2e-05,0.0004029150215046684,294000
295,2360.0,0.05,80.0,2e-05,0.00026996184259724034,295000
296,2299.0,0.05,65.0,2e-05,0.0003043486956112247,296000
297,2406.0,0.05,48.0,2e-05,0.0006288454261793959,297000
298,2340.0,0.05,75.0,2e-05,0.00017607156019721514,298000
299,2340.0,0.05,71.0,2e-05,0.0003206754500988609,299000
300,2400.0,0.05,76.0,2e-05,0.012594860535755288,300000
301,2445.0,0.05,62.0,2e-05,0.000929964449693216,301000
302,2450.0,0.05,66.0,2e-05,0.0008879423006583238,302000
303,2430.0,0.05,78.0,2e-05,0.0005810044635063604,303000
304,2435.0,0.05,66.0,2e-05,0.0009302466289964286,304000
305,2480.0,0.05,42.0,2e-05,0.000500704106615558,305000
306,2450.0,0.05,68.0,2e-05,0.0004798515777893044,306000
307,2435.0,0.05,59.0,2e-05,0.000635816874266311,307000
308,2478.0,0.05,62.0,2e-05,0.000412088513566232,308000
309,2475.0,0.05,64.0,2e-05,0.0004980734900600509,309000
310,2400.0,0.05,66.0,2e-05,0.010083971059166287,310000
311,2320.0,0.05,83.0,2e-05,0.0007757573407616292,311000
312,2310.0,0.05,75.0,2e-05,0.0006737263008235459,312000
313,2372.0,0.05,61.0,2e-05,0.0011718427642626922,313000
314,2282.0,0.05,76.0,2e-05,0.0003873432251139093,314000
315,2400.0,0.05,56.0,2e-05,0.0010065374240875826,315000
316,2277.0,0.05,103.0,2e-05,0.0003189526907053732,316000
317,2240.0,0.05,94.0,2e-05,0.0003953521173370973,317000
318,2335.0,0.05,67.0,2e-05,0.0020122337854863873,318000
319,2350.0,0.05,86.0,2e-05,0.00028730666199589905,319000
320,2415.0,0.05,78.0,2e-05,0.01570979873507531,320000
321,2455.0,0.05,64.0,2e-05,0.0018518281039141583,321000
322,2435.0,0.05,84.0,2e-05,0.0017045568846751848,322000
323,2465.0,0.05,54.0,2e-05,0.0010825535305266384,323000
324,2430.0,0.05,64.0,2e-05,0.0009181297716886548,324000
325,2403.0,0.05,87.0,2e-05,0.0012309336598991649,325000
326,2465.0,0.05,70.0,2e-05,0.001370677026130579,326000
327,2435.0,0.05,60.0,2e-05,0.000591049694648973,327000
328,2445.0,0.05,64.0,2e-05,0.000452735474601468,328000
329,2483.0,0.05,65.0,2e-05,0.0006715422907100219,329000
330,2358.0,0.05,72.0,2e-05,0.009730092822872393,330000
331,2410.0,0.05,59.0,2e-05,0.0013837133801589516,331000
332,2369.0,0.05,73.0,2e-05,0.0012666897214180608,332000
333,2316.0,0.05,89.0,2e-05,0.0007683087739587791,333000
334,2377.0,0.05,80.0,2e-05,0.0006141483481014803,334000
335,2411.0,0.05,60.0,2e-05,0.000779802135512,335000
336,2363.0,0.05,83.0,2e-05,0.0004486858937234501,336000
337,2390.0,0.05,55.0,2e-05,0.0005798686996004108,337000
338,2359.0,0.05,70.0,2e-05,0.00016443433386484685,338000
339,2356.0,0.05,74.0,2e-05,0.0002876072849544471,339000
340,2382.0,0.05,94.0,2e-05,0.010212917123273655,340000
341,2460.0,0.05,46.0,2e-05,0.0020414050809486072,341000
342,2440.0,0.05,54.0,2e-05,0.0007333128869986467,342000
343,2430.0,0.05,72.0,2e-05,0.0008145657157929236,343000
344,2465.0,0.05,64.0,2e-05,0.001123951102819774,344000
345,2450.0,0.05,68.0,2e-05,0.0008255592010882538,345000
346,2430.0,0.05,70.0,2e-05,0.000713839840572291,346000
347,2380.0,0.05,78.0,2e-05,0.0009986707720363484,347000
348,2445.0,0.05,60.0,2e-05,0.0012179871734642803,348000
349,2440.0,0.05,78.0,2e-05,0.0006494787176870887,349000
350,2405.0,0.05,64.0,2e-05,0.014329407766650547,350000
351,2393.0,0.05,80.0,2e-05,0.0015364128223009175,351000
352,2395.0,0.05,81.0,2e-05,0.0011052459901438852,352000
353,2383.0,0.05,74.0,2e-05,0.0016687662708172865,353000
354,2378.0,0.05,82.0,2e-05,0.0004483239291321297,354000
355,2317.0,0.05,85.0,2e-05,0.0008108602287029499,355000
356,2378.0,0.05,58.0,2e-05,0.0007495682951375784,356000
357,2336.0,0.05,79.0,2e-05,0.000271754225258519,357000
358,2368.0,0.05,73.0,2e-05,0.001434427148240502,358000
359,2250.0,0.05,84.0,2e-05,0.0003924733582189219,359000
360,2445.0,0.05,57.0,2e-05,0.014467566257841099,360000
361,2465.0,0.05,76.0,2e-05,0.0022729153724176283,361000
362,2390.0,0.05,59.0,2e-05,0.0021883630677002656,362000
363,2353.0,0.05,94.0,2e-05,0.0009051828738301992,363000
364,2390.0,0.05,69.0,2e-05,0.0011975446816468321,364000
365,2372.0,0.05,78.0,2e-05,0.000752548949566517,365000
366,2423.0,0.05,69.0,2e-05,0.0010114500363652041,366000
367,2410.0,0.05,81.0,2e-05,0.0005533334885731165,367000
368,2428.0,0.05,72.0,2e-05,0.001267725263428474,368000
369,2409.0,0.05,53.0,2e-05,0.0008853115855545183,369000
370,2418.0,0.05,62.0,2e-05,0.009874848626874154,370000
371,2378.0,0.05,66.0,2e-05,0.00144965134843369,371000
372,2372.0,0.05,65.0,2e-05,0.00139833445237673,372000
373,2370.0,0.05,69.0,2e-05,0.0007759487731873378,373000
374,2365.0,0.05,80.0,2e-05,0.0005235145589567765,374000
375,2317.0,0.05,82.0,2e-05,0.0007165757631582892,375000
376,2330.0,0.05,79.0,2e-05,0.0004490649185750044,376000
377,2372.0,0.05,56.0,2e-05,0.0006057936059187341,377000
378,2337.0,0.05,79.0,2e-05,0.00020379040322950458,378000
379,2325.0,0.05,69.0,2e-05,0.0004987555183761287,379000
380,2298.0,0.05,65.0,2e-05,0.01332046868785983,380000
381,2470.0,0.05,60.0,2e-05,0.0027026545713451926,381000
382,2380.0,0.05,74.0,2e-05,0.0020748265226138755,382000
383,2428.0,0.05,65.0,2e-05,0.0017379906143323751,383000
384,2405.0,0.05,62.0,2e-05,0.001591293670475352,384000
385,2370.0,0.05,80.0,2e-05,0.0011291669982074382,385000
386,2353.0,0.05,78.0,2e-05,0.0004886160730629853,386000
387,2450.0,0.05,67.0,2e-05,0.001055841255471023,387000
388,2425.0,0.05,80.0,2e-05,0.0017026957719954226,388000
389,2400.0,0.05,66.0,2e-05,0.0008864499504652486,389000
390,2365.0,0.05,68.0,2e-05,0.011058601259261195,390000
391,1713.0,0.05,262.0,2e-05,0.0015413671051264827,391000
392,981.0,0.05,483.0,2e-05,0.007703218201786512,392000
393,2347.0,0.05,75.0,2e-05,0.002953905507696618,393000
394,2430.0,0.05,67.0,2e-05,0.0025324444132929784,394000
395,2405.0,0.05,69.0,2e-05,0.0005430976838742935,395000
396,2355.0,0.05,73.0,2e-05,0.0011308119212026214,396000
397,2430.0,0.05,65.0,2e-05,0.0008672617408919905,397000
398,2335.0,0.05,83.0,2e-05,0.0007237732447192684,398000
399,2307.0,0.05,86.0,2e-05,0.0007807928815127525,399000
400,2397.0,0.05,76.0,2e-05,0.02152066241996363,400000
401,2420.0,0.05,65.0,2e-05,0.0019026543561121798,401000
402,2417.0,0.05,56.0,2e-05,0.0011330747724987305,402000
403,2415.0,0.05,81.0,2e-05,0.0003204421853192798,403000
404,2415.0,0.05,81.0,2e-05,0.0011873386682800628,404000
405,2382.0,0.05,80.0,2e-05,0.000874694815973271,405000
406,2445.0,0.05,58.0,2e-05,0.000846161886273876,406000
407,2329.0,0.05,98.0,2e-05,0.0005246779810267981,407000
408,2079.0,0.05,137.0,2e-05,0.0010730340799782426,408000
409,2385.0,0.05,76.0,2e-05,0.0007701085141234216,409000
410,2335.0,0.05,82.0,2e-05,0.015916000281198647,410000
411,2340.0,0.05,73.0,2e-05,0.0014993419663078384,411000
412,2317.0,0.05,91.0,2e-05,0.0008058595378461177,412000
413,2318.0,0.05,71.0,2e-05,0.001050511080711658,413000
414,2058.0,0.05,179.0,2e-05,0.0009949351895711515,414000
415,1722.0,0.05,262.0,2e-05,0.00352753414894687,415000
416,2256.0,0.05,90.0,2e-05,0.004808708266937174,416000
417,2285.0,0.05,91.0,2e-05,0.001475369225798204,417000
418,2365.0,0.05,86.0,2e-05,0.0003858339691942092,418000
419,2364.0,0.05,63.0,2e-05,0.0007064242596770782,419000
420,1112.0,0.05,446.0,2e-05,0.01803597717441153,420000
421,2350.0,0.05,76.0,2e-05,0.005870536314352648,421000
422,2383.0,0.05,82.0,2e-05,0.0026753776457626374,422000
423,2360.0,0.05,81.0,2e-05,0.001108834357926753,423000
424,2408.0,0.05,64.0,2e-05,0.0009729808844440413,424000
425,2438.0,0.05,60.0,2e-05,0.0006993055786570039,425000
426,2405.0,0.05,74.0,2e-05,0.0006753780004928558,426000
427,2362.0,0.05,77.0,2e-05,0.0004047214046076988,427000
428,2410.0,0.05,76.0,2e-05,0.0005297317821123215,428000
429,2334.0,0.05,77.0,2e-05,0.0005124392994421214,429000
430,2304.0,0.05,90.0,2e-05,0.011158277543428994,430000
431,2259.0,0.05,89.0,2e-05,0.000990515417091956,431000
432,2280.0,0.05,67.0,2e-05,0.0007613768484552566,432000
433,2229.0,0.05,106.0,2e-05,0.0003303673966011047,433000
434,2279.0,0.05,78.0,2e-05,0.0006712657895805023,434000
435,2325.0,0.05,92.0,2e-05,0.0005864779126823123,435000
436,2321.0,0.05,79.0,2e-05,0.000723840284529615,436000
437,2329.0,0.05,71.0,2e-05,0.00037097082806030813,437000
438,2338.0,0.05,84.0,2e-05,0.00028517272932549533,438000
439,2254.0,0.05,96.0,2e-05,0.0007463158896625828,439000
440,2380.0,0.05,60.0,2e-05,0.01113369934693037,440000
441,2340.0,0.05,76.0,2e-05,0.0013843725527003699,441000
442,1845.0,0.05,227.0,2e-05,0.0006157187750795856,442000
443,2267.0,0.05,101.0,2e-05,0.0014126464223882067,443000
444,2346.0,0.05,73.0,2e-05,0.0008063958434577216,444000
445,944.0,0.05,494.0,2e-05,0.001009303192598054,445000
446,2324.0,0.05,78.0,2e-05,0.007115447833690268,446000
447,1597.0,0.05,316.0,2e-05,0.0032362964845342504,447000
448,1694.0,0.05,270.0,2e-05,0.004431337796224398,448000
449,2125.0,0.05,116.0,2e-05,0.0030527099284372527,449000
450,2059.0,0.05,134.0,2e-05,0.02052300203681807,450000
451,1864.0,0.05,226.0,2e-05,0.0023542864773990002,451000
452,1964.0,0.05,182.0,2e-05,0.003649435826122499,452000
453,1091.0,0.05,457.0,2e-05,0.00234679417076768,453000
454,1090.0,0.05,461.0,2e-05,0.002867276090742962,454000
455,1883.0,0.05,188.0,2e-05,0.001245470192621724,455000
456,2033.0,0.05,148.0,2e-05,0.003014000592615048,456000
457,1806.0,0.05,227.0,2e-05,0.002422279016200264,457000
458,2248.0,0.05,92.0,2e-05,0.0022184347028778575,458000
459,1758.0,0.05,248.0,2e-05,0.0013184522884230319,459000
460,2375.0,0.05,70.0,2e-05,0.020126046637422405,460000
461,2398.0,0.05,62.0,2e-05,0.0017054138153216626,461000
462,1592.0,0.05,302.0,2e-05,0.0008984401523148335,462000
463,2359.0,0.05,74.0,2e-05,0.003481719192233868,463000
464,2292.0,0.05,76.0,2e-05,0.0008344491949683288,464000
465,2353.0,0.05,74.0,2e-05,0.0025410229912049545,465000
466,2175.0,0.05,121.0,2e-05,0.0005319078569173143,466000
467,2413.0,0.05,54.0,2e-05,0.001196038870180928,467000
468,2044.0,0.05,158.0,2e-05,0.001086267118316755,468000
469,1974.0,0.05,189.0,2e-05,0.0027739814704036687,469000
470,2373.0,0.05,72.0,2e-05,0.020896691593545257,470000
471,2386.0,0.05,72.0,2e-05,0.0012476128335183602,471000
472,2360.0,0.05,72.0,2e-05,0.000866530349743698,472000
473,2427.0,0.05,63.0,2e-05,0.0007219481612301024,473000
474,2343.0,0.05,60.0,2e-05,0.0006108539474253121,474000
475,2093.0,0.05,129.0,2e-05,0.00044399516526937076,475000
476,1506.0,0.05,311.0,2e-05,0.0013096790885101654,476000
477,2292.0,0.05,83.0,2e-05,0.005421159747067577,477000
478,2306.0,0.05,84.0,2e-05,0.001211053143180834,478000
479,2313.0,0.05,77.0,2e-05,0.00039976974418641476,479000
480,2323.0,0.05,76.0,2e-05,0.010315409626775364,480000
481,2309.0,0.05,90.0,2e-05,0.001298653749821824,481000
482,2385.0,0.05,58.0,2e-05,0.0016363123101182282,482000
483,2294.0,0.05,74.0,2e-05,0.0004670206560858787,483000
484,2318.0,0.05,81.0,2e-05,0.0017032688317958674,484000
485,2269.0,0.05,90.0,2e-05,0.0006596157276790109,485000
486,1576.0,0.05,299.0,2e-05,0.002098301608963084,486000
487,1370.0,0.05,372.0,2e-05,0.003109375598913175,487000
488,1419.0,0.05,338.0,2e-05,0.003283179807862325,488000
489,1071.0,0.05,448.0,2e-05,0.0018034020149207209,489000
490,1438.0,0.05,322.0,2e-05,0.0217851963264402,490000
491,2393.0,0.05,68.0,2e-05,0.00730358152493136,491000
492,2297.0,0.05,83.0,2e-05,0.0019169211530970641,492000
493,2320.0,0.05,80.0,2e-05,0.0012169393384356226,493000
494,2393.0,0.05,75.0,2e-05,0.0011446521778052557,494000
495,2357.0,0.05,79.0,2e-05,0.0010648919491395646,495000
496,2341.0,0.05,75.0,2e-05,0.0008478285809833323,496000
497,2373.0,0.05,72.0,2e-05,0.001045198294029433,497000
498,2440.0,0.05,71.0,2e-05,0.000809381843002484,498000
499,2375.0,0.05,74.0,2e-05,0.0008345625261445093,499000
500,2342.0,0.05,78.0,2e-05,0.00963730177700927,500000
501,1797.0,0.05,217.0,2e-05,0.001503867031475238,501000
502,1197.0,0.05,423.0,2e-05,0.004876136605758802,502000
503,2089.0,0.05,120.0,2e-05,0.002022801447827078,503000
504,1499.0,0.05,277.0,2e-05,0.0012235297239349165,504000
505,1370.0,0.05,314.0,2e-05,0.003242965022858698,505000
506,1087.0,0.05,433.0,2e-05,0.002531672142780735,506000
507,1065.0,0.05,384.0,2e-05,0.0018150611563542043,507000
508,1069.0,0.05,427.0,2e-05,0.003375489914971695,508000
509,1052.0,0.05,449.0,2e-05,0.001969991699730599,509000
510,1660.0,0.05,222.0,2e-05,0.021397332145570543,510000
511,1286.0,0.05,302.0,2e-05,0.004165392219088971,511000
512,1119.0,0.05,385.0,2e-05,0.0032147794513439293,512000
513,1173.0,0.05,328.0,2e-05,0.0056571739561914,513000
514,1449.0,0.05,247.0,2e-05,0.005407845717068994,514000
515,1295.0,0.05,284.0,2e-05,0.00348846698050329,515000
516,1145.0,0.05,317.0,2e-05,0.0032277165245468494,516000
517,1176.0,0.05,330.0,2e-05,0.003713458748621633,517000
518,1127.0,0.05,382.0,2e-05,0.004621975546804606,518000
519,1011.0,0.05,431.0,2e-05,0.0035763997555804962,519000
520,994.0,0.05,442.0,2e-05,0.022752570808719612,520000
521,966.0,0.05,461.0,2e-05,0.0030693238611420384,521000
522,840.0,0.05,456.0,2e-05,0.003157592460847809,522000
523,864.0,0.05,418.0,2e-05,0.0020898378420679364,523000
524,909.0,0.05,432.0,2e-05,0.0024817249791158247,524000
525,938.0,0.05,434.0,2e-05,0.00235503766972397,525000
526,729.0,0.05,448.0,2e-05,0.0013653424572621588,526000
527,937.0,0.05,398.0,2e-05,0.00158930311720178,527000
528,1157.0,0.05,380.0,2e-05,0.0031595046919828747,528000
529,1644.0,0.05,215.0,2e-05,0.0023304283421966827,529000
530,1937.0,0.05,165.0,2e-05,0.021182182649761672,530000
531,1998.0,0.05,150.0,2e-05,0.002679980986802548,531000
532,1965.0,0.05,174.0,2e-05,0.00236845484287187,532000
533,1763.0,0.05,180.0,2e-05,0.0026343578608939424,533000
534,1757.0,0.05,198.0,2e-05,0.002568236543382227,534000
535,1787.0,0.05,177.0,2e-05,0.0018492824699205812,535000
536,2272.0,0.05,89.0,2e-05,0.0013237295961225754,536000
537,1800.0,0.05,194.0,2e-05,0.0013952782062551705,537000
538,1712.0,0.05,198.0,2e-05,0.004176569402246969,538000
539,1182.0,0.05,364.0,2e-05,0.0019851459081983193,539000
540,1423.0,0.05,294.0,2e-05,0.017628789074049564,540000
541,941.0,0.05,425.0,2e-05,0.00322855411565979,541000
542,1128.0,0.05,359.0,2e-05,0.004818748223595321,542000
543,1254.0,0.05,307.0,2e-05,0.0016752731482192757,543000
544,1725.0,0.05,203.0,2e-05,0.002337592899282754,544000
545,1815.0,0.05,174.0,2e-05,0.0019977747579832793,545000
546,1314.0,0.05,328.0,2e-05,0.0015047623317695979,546000
547,2325.0,0.05,89.0,2e-05,0.0018655227204144467,547000
548,2252.0,0.05,95.0,2e-05,0.001278991008253797,548000
549,2320.0,0.05,62.0,2e-05,0.0014623724871598825,549000
550,2370.0,0.05,75.0,2e-05,0.012534036983575789,550000
551,2317.0,0.05,71.0,2e-05,0.001502967346143123,551000
552,1346.0,0.05,308.0,2e-05,0.0009567208865992143,552000
553,1342.0,0.05,319.0,2e-05,0.002096531605013297,553000
554,2272.0,0.05,106.0,2e-05,0.004077055038927938,554000
555,2330.0,0.05,77.0,2e-05,0.0018777113648829982,555000
556,2340.0,0.05,75.0,2e-05,0.0008180221599559445,556000
557,2130.0,0.05,116.0,2e-05,0.00028899919047580626,557000
558,2348.0,0.05,74.0,2e-05,0.0021995678042840156,558000
559,1983.0,0.05,147.0,2e-05,0.00182963612952517,559000
560,2226.0,0.05,103.0,2e-05,0.01401064928690903,560000
561,2278.0,0.05,103.0,2e-05,0.0014179613128690108,561000
562,2141.0,0.05,113.0,2e-05,0.0011057628828975794,562000
563,1602.0,0.05,238.0,2e-05,0.00151750543379967,563000
564,1492.0,0.05,273.0,2e-05,0.002973009583511157,564000
565,1503.0,0.05,256.0,2e-05,0.0010131182173427078,565000
566,1046.0,0.05,425.0,2e-05,0.0026546699136451935,566000
567,1150.0,0.05,411.0,2e-05,0.004157850360388693,567000
568,1658.0,0.05,255.0,2e-05,0.005754211337523884,568000
569,951.0,0.05,493.0,2e-05,0.0016530220056665712,569000
570,1969.0,0.05,185.0,2e-05,0.012227653120622562,570000
571,2212.0,0.05,89.0,2e-05,0.0032722791071864775,571000
572,2082.0,0.05,130.0,2e-05,0.0014504666309112508,572000
573,2028.0,0.05,136.0,2e-05,0.0027220031997276235,573000
574,1490.0,0.05,252.0,2e-05,0.003111155395854439,574000
575,1586.0,0.05,253.0,2e-05,0.0028105707425420405,575000
576,2217.0,0.05,106.0,2e-05,0.0027311902378496598,576000
577,2122.0,0.05,120.0,2e-05,0.0009688782710127271,577000
578,2248.0,0.05,95.0,2e-05,0.001040486144273018,578000
579,2159.0,0.05,118.0,2e-05,0.0012114417410484747,579000
580,2166.0,0.05,118.0,2e-05,0.011933469981260714,580000
581,2128.0,0.05,112.0,2e-05,0.0019981438694194366,581000
582,1821.0,0.05,186.0,2e-05,0.0031134139576897723,582000
583,1723.0,0.05,200.0,2e-05,0.001631052999116946,583000
584,2257.0,0.05,83.0,2e-05,0.0018083054964299662,584000
585,2331.0,0.05,76.0,2e-05,0.0014211135027508135,585000
586,2293.0,0.05,91.0,2e-05,0.0012289851361638284,586000
587,2317.0,0.05,78.0,2e-05,0.0009306507628680266,587000
588,1917.0,0.05,155.0,2e-05,0.0007995345312956488,588000
589,2237.0,0.05,98.0,2e-05,0.0012012915132909256,589000
590,2416.0,0.05,50.0,2e-05,0.014748508061646135,590000
591,2375.0,0.05,68.0,2e-05,0.001109411286215618,591000
592,2360.0,0.05,65.0,2e-05,0.0009564785669554112,592000
593,2333.0,0.05,78.0,2e-05,0.0005551199457077019,593000
594,2387.0,0.05,74.0,2e-05,0.0003139652481122539,594000
595,2385.0,0.05,77.0,2e-05,0.0004523378837011478,595000
596,2415.0,0.05,66.0,2e-05,0.000871394644047541,596000
597,2335.0,0.05,77.0,2e-05,0.0004500960648729233,597000
598,1305.0,0.05,377.0,2e-05,0.0008025058582352358,598000
599,2136.0,0.05,123.0,2e-05,0.0034185040121228667,599000
600,2172.0,0.05,128.0,2e-05,0.013940477047144668,600000
601,2165.0,0.05,111.0,2e-05,0.0021946081421920097,601000
602,1971.0,0.05,158.0,2e-05,0.0008714912050854764,602000
603,2325.0,0.05,69.0,2e-05,0.0013849720718462778,603000
604,2334.0,0.05,82.0,2e-05,0.0017195168003672735,604000
605,2356.0,0.05,64.0,2e-05,0.0009217452731081721,605000
606,2384.0,0.05,72.0,2e-05,0.0008733361682861869,606000
607,2195.0,0.05,97.0,2e-05,0.002055317876263871,607000
608,2321.0,0.05,67.0,2e-05,0.003848207772214664,608000
609,2385.0,0.05,55.0,2e-05,0.001139776548037844,609000
610,2320.0,0.05,74.0,2e-05,0.010025469376851106,610000
611,2325.0,0.05,90.0,2e-05,0.0023465247834756156,611000
612,2349.0,0.05,76.0,2e-05,0.0016168290123132465,612000
613,2315.0,0.05,86.0,2e-05,0.0009123762753952178,613000
614,2253.0,0.05,82.0,2e-05,0.0006720279643486719,614000
615,2293.0,0.05,103.0,2e-05,0.0030331190212455113,615000
616,2306.0,0.05,84.0,2e-05,0.0019389229937878554,616000
617,2334.0,0.05,75.0,2e-05,0.00376097496937291,617000
618,2301.0,0.05,78.0,2e-05,0.000989414969547397,618000
619,2312.0,0.05,71.0,2e-05,0.0013745795886698033,619000
620,2349.0,0.05,60.0,2e-05,0.010163348434885847,620000
621,2337.0,0.05,83.0,2e-05,0.0020382500214109313,621000
622,2337.0,0.05,84.0,2e-05,0.0019047316683427197,622000
623,2339.0,0.05,68.0,2e-05,0.0011459875707005268,623000
624,2298.0,0.05,87.0,2e-05,0.0011545405739425405,624000
625,2325.0,0.05,72.0,2e-05,0.001160973877642391,625000
626,2339.0,0.05,63.0,2e-05,0.0020394287659510155,626000
627,2242.0,0.05,80.0,2e-05,0.0006346881315694191,627000
628,2216.0,0.05,112.0,2e-05,0.001018970176102812,628000
629,2178.0,0.05,101.0,2e-05,0.0019173784121885547,629000
630,2167.0,0.05,123.0,2e-05,0.010940176685966434,630000
631,2352.0,0.05,82.0,2e-05,0.0024221591244568117,631000
632,2287.0,0.05,81.0,2e-05,0.0012331640272350342,632000
633,2390.0,0.05,79.0,2e-05,0.0013577944755634236,633000
634,2317.0,0.05,77.0,2e-05,0.0007987984930368839,634000
635,2349.0,0.05,82.0,2e-05,0.000790835605810571,635000
636,2325.0,0.05,93.0,2e-05,0.00048704520071987645,636000
637,2290.0,0.05,90.0,2e-05,0.0007285593584638264,637000
638,2263.0,0.05,93.0,2e-05,0.0007014662172259705,638000
639,2352.0,0.05,68.0,2e-05,0.0007955088119606443,639000
640,2285.0,0.05,76.0,2e-05,0.006979932207785169,640000
641,2287.0,0.05,92.0,2e-05,0.0011407498045446119,641000
642,2330.0,0.05,76.0,2e-05,0.0035753336255584145,642000
643,2360.0,0.05,72.0,2e-05,0.001269754072847718,643000
644,2307.0,0.05,78.0,2e-05,0.0009958628979693457,644000
645,2338.0,0.05,77.0,2e-05,0.0005904371057222306,645000
646,2360.0,0.05,71.0,2e-05,0.0007853983013883408,646000
647,2335.0,0.05,78.0,2e-05,0.0009307655242428155,647000
648,2310.0,0.05,78.0,2e-05,0.0009615612700199563,648000
649,2346.0,0.05,84.0,2e-05,0.0007482883742786726,649000
650,2301.0,0.05,87.0,2e-05,0.007357955158200639,650000
651,2253.0,0.05,104.0,2e-05,0.0026323179874307243,651000
652,2362.0,0.05,82.0,2e-05,0.0027676693271714613,652000
653,2380.0,0.05,62.0,2e-05,0.0011052551606553606,653000
654,2385.0,0.05,66.0,2e-05,0.0003806501158087485,654000
655,2373.0,0.05,74.0,2e-05,0.00043677480159294644,655000
656,2370.0,0.05,71.0,2e-05,0.0012627895305267884,656000
657,2294.0,0.05,92.0,2e-05,0.001639774033890717,657000
658,2352.0,0.05,57.0,2e-05,0.0008943991309370177,658000
659,2368.0,0.05,68.0,2e-05,0.00033371399114093947,659000
660,2379.0,0.05,71.0,2e-05,0.010695565310357778,660000
661,2321.0,0.05,68.0,2e-05,0.0006780410464416491,661000
662,2193.0,0.05,108.0,2e-05,0.0008135461468027642,662000
663,2355.0,0.05,64.0,2e-05,0.001947185608352811,663000
664,2324.0,0.05,85.0,2e-05,0.0006985071689814504,664000
665,2363.0,0.05,61.0,2e-05,0.0014611507297377102,665000
666,2359.0,0.05,63.0,2e-05,0.0011191168335408293,666000
667,2329.0,0.05,81.0,2e-05,0.0007437743984910412,667000
668,2384.0,0.05,64.0,2e-05,0.0008866350752832659,668000
669,2364.0,0.05,75.0,2e-05,0.0004725799809284581,669000
670,2355.0,0.05,84.0,2e-05,0.005006433645350626,670000
671,2347.0,0.05,86.0,2e-05,0.001586059645334899,671000
672,2365.0,0.05,66.0,2e-05,0.0012218100762729591,672000
673,2371.0,0.05,69.0,2e-05,0.0006006257671615458,673000
674,2342.0,0.05,79.0,2e-05,0.000798674780588044,674000
675,2370.0,0.05,74.0,2e-05,0.001076982326885627,675000
676,2384.0,0.05,77.0,2e-05,0.0004953648163100298,676000
677,2337.0,0.05,69.0,2e-05,0.0009031438678848645,677000
678,2337.0,0.05,91.0,2e-05,0.0006779478797880075,678000
679,2344.0,0.05,79.0,2e-05,0.0006460971485739719,679000
680,2399.0,0.05,49.0,2e-05,0.009271534459185205,680000
681,2272.0,0.05,90.0,2e-05,0.0005525768246207008,681000
682,2342.0,0.05,64.0,2e-05,0.001810775205864047,682000
683,2289.0,0.05,79.0,2e-05,0.0019451230160957493,683000
684,2370.0,0.05,64.0,2e-05,0.0018451360323106201,684000
685,2277.0,0.05,85.0,2e-05,0.000788146570957906,685000
686,2339.0,0.05,72.0,2e-05,0.0015808778080627236,686000
687,2328.0,0.05,83.0,2e-05,0.00037069752570732817,687000
688,2358.0,0.05,65.0,2e-05,0.0007697840697555875,688000
689,2361.0,0.05,80.0,2e-05,0.0007212550118583749,689000
690,2338.0,0.05,77.0,2e-05,0.005726072268258576,690000
691,2331.0,0.05,72.0,2e-05,0.0012473386771780497,691000
692,2319.0,0.05,82.0,2e-05,0.0013851444767387874,692000
693,2345.0,0.05,77.0,2e-05,0.0012283046134452889,693000
694,2394.0,0.05,76.0,2e-05,0.0004230906020184193,694000
695,2368.0,0.05,97.0,2e-05,0.0004909108890469724,695000
696,2293.0,0.05,91.0,2e-05,0.0007486303392579429,696000
697,2311.0,0.05,72.0,2e-05,0.0008810703654016834,697000
698,2395.0,0.05,62.0,2e-05,0.0006099692791412963,698000
699,2329.0,0.05,71.0,2e-05,0.0004096825401493334,699000
700,2287.0,0.05,91.0,2e-05,0.007279005164993578,700000
701,2335.0,0.05,60.0,2e-05,0.000944081327150343,701000
702,2229.0,0.05,102.0,2e-05,0.0002951719313696231,702000
703,2312.0,0.05,99.0,2e-05,0.0014957714642696374,703000
704,2280.0,0.05,98.0,2e-05,0.001610493827603932,704000
705,2274.0,0.05,85.0,2e-05,0.0014322979925818799,705000
706,2270.0,0.05,95.0,2e-05,0.0015766572529282712,706000
707,2344.0,0.05,68.0,2e-05,0.0012981931081485526,707000
708,2385.0,0.05,73.0,2e-05,0.0008319507773412625,708000
709,2295.0,0.05,91.0,2e-05,0.0006402146419350175,709000
710,2301.0,0.05,76.0,2e-05,0.006059118060424225,710000
711,2264.0,0.05,82.0,2e-05,0.0011260965761939587,711000
712,2286.0,0.05,89.0,2e-05,0.0013908045826756278,712000
713,2282.0,0.05,89.0,2e-05,0.0008748018485603097,713000
714,2342.0,0.05,85.0,2e-05,0.0007906201889381918,714000
715,2310.0,0.05,89.0,2e-05,0.000992545626955689,715000
716,2325.0,0.05,72.0,2e-05,0.0008800130469235228,716000
717,2340.0,0.05,76.0,2e-05,0.00021391565552767133,717000
718,2293.0,0.05,91.0,2e-05,0.0008402378361633964,718000
719,2272.0,0.05,85.0,2e-05,0.0004461974566884237,719000
720,2245.0,0.05,102.0,2e-05,0.00622236047903425,720000
721,2265.0,0.05,85.0,2e-05,0.003760739175544586,721000
722,2308.0,0.05,89.0,2e-05,0.0010570032084469857,722000
723,2354.0,0.05,71.0,2e-05,0.0007423204844453721,723000
724,2325.0,0.05,79.0,2e-05,0.0012401966853331033,724000
725,2295.0,0.05,96.0,2e-05,0.001097607970054014,725000
726,2311.0,0.05,63.0,2e-05,0.0019326266116650003,726000
727,1886.0,0.05,189.0,2e-05,0.000631411104003746,727000
728,2326.0,0.05,56.0,2e-05,0.0021230749619608105,728000
729,2373.0,0.05,66.0,2e-05,0.0005185859785306093,729000
730,2430.0,0.05,48.0,2e-05,0.007272904516858944,730000
731,2357.0,0.05,90.0,2e-05,0.00106850118418879,731000
732,2325.0,0.05,83.0,2e-05,0.0009470881304769137,732000
733,2247.0,0.05,106.0,2e-05,0.0008139401462522074,733000
734,2315.0,0.05,66.0,2e-05,0.0007316800274420529,734000
735,2300.0,0.05,77.0,2e-05,0.0005572790449732565,735000
736,2300.0,0.05,93.0,2e-05,0.0006509356216301967,736000
737,2279.0,0.05,84.0,2e-05,0.0012305900557112181,737000
738,2285.0,0.05,90.0,2e-05,0.0022509345688340545,738000
739,2339.0,0.05,70.0,2e-05,0.0023433967658129406,739000
740,2398.0,0.05,48.0,2e-05,0.007736060405928584,740000
741,2407.0,0.05,70.0,2e-05,0.0010192198348122474,741000
742,2340.0,0.05,82.0,2e-05,0.0016940589419500612,742000
743,2402.0,0.05,42.0,2e-05,0.0008714696407296287,743000
744,2383.0,0.05,71.0,2e-05,0.0007901841445627724,744000
745,2405.0,0.05,53.0,2e-05,0.000846851929281911,745000
746,2373.0,0.05,80.0,2e-05,0.0003498845990270638,746000
747,2420.0,0.05,46.0,2e-05,0.0008781399735380546,747000
748,2339.0,0.05,62.0,2e-05,0.0007454579380946597,748000
749,2032.0,0.05,141.0,2e-05,0.0006622999613900901,749000
750,2390.0,0.05,65.0,2e-05,0.006345420718527749,750000
751,2413.0,0.05,42.0,2e-05,0.0009493040098896017,751000
752,2337.0,0.05,69.0,2e-05,0.00047814970399031155,752000
753,2397.0,0.05,56.0,2e-05,0.0013238833114628506,753000
754,2335.0,0.05,73.0,2e-05,0.0007403806813454139,754000
755,2082.0,0.05,117.0,2e-05,0.0010615334504873318,755000
756,2380.0,0.05,61.0,2e-05,0.0010602295068019884,756000
757,2430.0,0.05,69.0,2e-05,0.0004243078715062438,757000
758,2347.0,0.05,77.0,2e-05,0.0006455068866007423,758000
759,2323.0,0.05,91.0,2e-05,0.0006845836858838084,759000
760,2369.0,0.05,76.0,2e-05,0.0059974848477068006,760000
761,2344.0,0.05,56.0,2e-05,0.002024148730381057,761000
762,2331.0,0.05,66.0,2e-05,0.0009391513347254658,762000
763,2341.0,0.05,73.0,2e-05,0.0006673673570985557,763000
764,2402.0,0.05,58.0,2e-05,0.0015759258640609915,764000
765,2377.0,0.05,56.0,2e-05,0.0005006438428399633,765000
766,2304.0,0.05,88.0,2e-05,0.0006532055350644442,766000
767,2355.0,0.05,62.0,2e-05,0.0011209327449178091,767000
768,2370.0,0.05,75.0,2e-05,0.0005985301914170122,768000
769,2378.0,0.05,65.0,2e-05,0.0009746820140489944,769000
770,2400.0,0.05,63.0,2e-05,0.004410190290524042,770000
771,2435.0,0.05,55.0,2e-05,0.0008640264185833075,771000
772,2382.0,0.05,54.0,2e-05,0.0006819895625521894,772000
773,2363.0,0.05,73.0,2e-05,0.0007589740475068539,773000
774,2295.0,0.05,94.0,2e-05,0.0005597331326789572,774000
775,2392.0,0.05,77.0,2e-05,0.0010155727927594854,775000
776,2418.0,0.05,51.0,2e-05,0.0011999065380186948,776000
777,2380.0,0.05,84.0,2e-05,0.0005719560173547506,777000
778,2427.0,0.05,47.0,2e-05,0.0009014905477670254,778000
779,2417.0,0.05,56.0,2e-05,0.0004312483692283422,779000
780,2355.0,0.05,60.0,2e-05,0.0049479657941956245,780000
781,2372.0,0.05,66.0,2e-05,0.0009982860578802502,781000
782,2357.0,0.05,61.0,2e-05,0.0022409891095048805,782000
783,2320.0,0.05,72.0,2e-05,0.0011754035161102366,783000
784,2320.0,0.05,80.0,2e-05,0.001298374644330579,784000
785,2320.0,0.05,54.0,2e-05,0.0018542185065343801,785000
786,2010.0,0.05,145.0,2e-05,0.00048676034117943343,786000
787,2350.0,0.05,61.0,2e-05,0.0014213674423226622,787000
788,1783.0,0.05,169.0,2e-05,0.00028111118055767294,788000
789,2319.0,0.05,85.0,2e-05,0.0012776889317319727,789000
790,2315.0,0.05,94.0,2e-05,0.005246896216936875,790000
791,2362.0,0.05,69.0,2e-05,0.0013061018793887342,791000
792,2359.0,0.05,81.0,2e-05,0.001078137585927834,792000
793,2240.0,0.05,107.0,2e-05,0.0011880157698487893,793000
794,2385.0,0.05,67.0,2e-05,0.0012474044666887494,794000
795,2333.0,0.05,80.0,2e-05,0.0007926126875036062,795000
796,2340.0,0.05,86.0,2e-05,0.0019317572121690318,796000
797,2362.0,0.05,60.0,2e-05,0.0007432446593029454,797000
798,2352.0,0.05,70.0,2e-05,0.0012202987789733015,798000
799,2320.0,0.05,76.0,2e-05,0.0014828821624432748,799000
800,2227.0,0.05,105.0,2e-05,0.005400520752562443,800000
801,2325.0,0.05,76.0,2e-05,0.00391985068404756,801000
802,2349.0,0.05,50.0,2e-05,0.0009640905759752059,802000
803,2290.0,0.05,86.0,2e-05,0.00040987686127482445,803000
804,2136.0,0.05,120.0,2e-05,0.001670842273200833,804000
805,2245.0,0.05,96.0,2e-05,0.0007635451301084686,805000
806,2365.0,0.05,51.0,2e-05,0.001596621520093322,806000
807,2294.0,0.05,82.0,2e-05,0.000910664308741616,807000
808,2315.0,0.05,80.0,2e-05,0.0009978335557898391,808000
809,2345.0,0.05,65.0,2e-05,0.0010322570255812025,809000
810,2387.0,0.05,82.0,2e-05,0.004489130474295962,810000
811,2316.0,0.05,96.0,2e-05,0.0006639500099499856,811000
812,2385.0,0.05,77.0,2e-05,0.0012297740364665515,812000
813,2390.0,0.05,50.0,2e-05,0.000623012914611536,813000
814,2368.0,0.05,61.0,2e-05,0.0011195159486087505,814000
815,2249.0,0.05,108.0,2e-05,0.0004664719980410155,815000
816,2378.0,0.05,73.0,2e-05,0.002546725941094337,816000
817,2316.0,0.05,76.0,2e-05,0.000727474618684937,817000
818,2002.0,0.05,139.0,2e-05,0.0010124638649995177,818000
819,2348.0,0.05,53.0,2e-05,0.0015986292674569995,819000
820,2305.0,0.05,73.0,2e-05,0.00579043730599733,820000
821,2320.0,0.05,65.0,2e-05,0.001238051873337099,821000
822,1784.0,0.05,186.0,2e-05,0.0014761290833412205,822000
823,2333.0,0.05,61.0,2e-05,0.0025992257032194173,823000
824,2047.0,0.05,130.0,2e-05,0.0012258499618237693,824000
825,2070.0,0.05,103.0,2e-05,0.0007281322118360549,825000
826,2067.0,0.05,125.0,2e-05,0.0010343461617467256,826000
827,2356.0,0.05,64.0,2e-05,0.0005634514349312668,827000
828,2234.0,0.05,101.0,2e-05,0.0005117518409733748,828000
829,2290.0,0.05,69.0,2e-05,0.0011752479104798113,829000
830,2307.0,0.05,68.0,2e-05,0.004098825552948256,830000
831,2315.0,0.05,90.0,2e-05,0.0011963751091025189,831000
832,2365.0,0.05,64.0,2e-05,0.0009355737495134235,832000
833,2380.0,0.05,62.0,2e-05,0.0004095336804130056,833000
834,2399.0,0.05,62.0,2e-05,0.0007237171635797495,834000
835,2355.0,0.05,71.0,2e-05,0.0007026553307086942,835000
836,2273.0,0.05,92.0,2e-05,0.0008244782999572635,836000
837,2355.0,0.05,68.0,2e-05,0.0024495032158665707,837000
838,2312.0,0.05,71.0,2e-05,0.0008975793453464575,838000
839,2320.0,0.05,65.0,2e-05,0.0006286403845151653,839000
840,2346.0,0.05,63.0,2e-05,0.006163370099144231,840000
841,2358.0,0.05,65.0,2e-05,0.0015477790923068824,841000
842,2394.0,0.05,60.0,2e-05,0.0012723505415378896,842000
843,2335.0,0.05,72.0,2e-05,0.001139126602862234,843000
844,2348.0,0.05,64.0,2e-05,0.0004578023679105172,844000
845,2335.0,0.05,72.0,2e-05,0.0012866338746061955,845000
846,2330.0,0.05,62.0,2e-05,0.0007043032184537878,846000
847,2338.0,0.05,66.0,2e-05,0.0010757438904856827,847000
848,2372.0,0.05,61.0,2e-05,0.0010463346839678707,848000
849,2293.0,0.05,82.0,2e-05,0.0014472778049239422,849000
850,2335.0,0.05,81.0,2e-05,0.004659837047991459,850000
851,2295.0,0.05,87.0,2e-05,0.0011016575391113292,851000
852,2309.0,0.05,87.0,2e-05,0.0011682333416065376,852000
853,2294.0,0.05,108.0,2e-05,0.0012539927295656525,853000
854,2380.0,0.05,57.0,2e-05,0.0019628810199938014,854000
855,2334.0,0.05,66.0,2e-05,0.0004249581617386866,855000
856,2356.0,0.05,79.0,2e-05,0.0005738989404198946,856000
857,2385.0,0.05,72.0,2e-05,0.0009932366793382243,857000
858,2403.0,0.05,53.0,2e-05,0.00037565409730814283,858000
859,2343.0,0.05,72.0,2e-05,0.00041837317750105285,859000
860,2090.0,0.05,124.0,2e-05,0.004948051044848399,860000
861,2051.0,0.05,124.0,2e-05,0.0010522986835239862,861000
862,2003.0,0.05,124.0,2e-05,0.0009517519271357742,862000
863,2004.0,0.05,131.0,2e-05,0.0006392607348261663,863000
864,2018.0,0.05,124.0,2e-05,0.001207985787139478,864000
865,2011.0,0.05,135.0,2e-05,0.0005071744040578779,865000
866,2017.0,0.05,141.0,2e-05,0.0007523969279209268,866000
867,1869.0,0.05,164.0,2e-05,0.001133180748216546,867000
868,2066.0,0.05,118.0,2e-05,0.001181695287948969,868000
869,2026.0,0.05,124.0,2e-05,0.0006823319707473275,869000
870,1978.0,0.05,142.0,2e-05,0.006140214022296277,870000
871,1953.0,0.05,142.0,2e-05,0.001515114216665097,871000
872,1903.0,0.05,155.0,2e-05,0.001144497187968227,872000
873,1973.0,0.05,150.0,2e-05,0.003152162370442966,873000
874,1787.0,0.05,183.0,2e-05,0.0012164590439206222,874000
875,1838.0,0.05,157.0,2e-05,0.0005088690747616056,875000
876,1860.0,0.05,161.0,2e-05,0.001059803479769471,876000
877,2033.0,0.05,131.0,2e-05,0.00190364802141994,877000
878,1910.0,0.05,176.0,2e-05,0.0009121597985795233,878000
879,1959.0,0.05,140.0,2e-05,0.0013914481544052251,879000
880,2014.0,0.05,147.0,2e-05,0.007613567367880023,880000
881,1796.0,0.05,189.0,2e-05,0.0013638134437314875,881000
882,1966.0,0.05,152.0,2e-05,0.001358140927120985,882000
883,2058.0,0.05,122.0,2e-05,0.0016177884230492055,883000
884,2043.0,0.05,133.0,2e-05,0.0006202887039562483,884000
885,2322.0,0.05,83.0,2e-05,0.0008509499784377112,885000
886,2320.0,0.05,72.0,2e-05,0.0011182986352469015,886000
887,2042.0,0.05,115.0,2e-05,0.0004723080206695158,887000
888,1808.0,0.05,188.0,2e-05,0.0008072750547362376,888000
889,2028.0,0.05,133.0,2e-05,0.0017077588012034538,889000
890,2296.0,0.05,91.0,2e-05,0.006966254847648088,890000
891,2279.0,0.05,86.0,2e-05,0.0012957302752874967,891000
892,1508.0,0.05,250.0,2e-05,0.00125655992180873,892000
893,1204.0,0.05,343.0,2e-05,0.0023483302079548595,893000
894,1055.0,0.05,377.0,2e-05,0.0029735268304502825,894000
895,2340.0,0.05,70.0,2e-05,0.0027309424076738652,895000
896,1841.0,0.05,156.0,2e-05,0.0004360235008889504,896000
897,2086.0,0.05,125.0,2e-05,0.0003269301110503875,897000
898,1816.0,0.05,190.0,2e-05,0.00266333342546568,898000
899,1839.0,0.05,180.0,2e-05,0.0013440416550874943,899000
900,1832.0,0.05,173.0,2e-05,0.006606839401945763,900000
901,1425.0,0.05,280.0,2e-05,0.0020246322016282646,901000
902,1898.0,0.05,176.0,2e-05,0.0027725746648866335,902000
903,1835.0,0.05,177.0,2e-05,0.0018158102278684964,903000
904,1793.0,0.05,187.0,2e-05,0.0010749912544051768,904000
905,2036.0,0.05,132.0,2e-05,0.0007505077063469798,905000
906,1786.0,0.05,187.0,2e-05,0.0005254276371051674,906000
907,1999.0,0.05,140.0,2e-05,0.0007758837803412462,907000
908,2043.0,0.05,126.0,2e-05,0.001020558525235174,908000
909,2024.0,0.05,131.0,2e-05,0.0008674631131671049,909000
910,2196.0,0.05,103.0,2e-05,0.006604244730508071,910000
911,1828.0,0.05,163.0,2e-05,0.0007901794668669027,911000
912,2017.0,0.05,135.0,2e-05,0.00044442587635239763,912000
913,2023.0,0.05,129.0,2e-05,0.0006485070081016602,913000
914,2030.0,0.05,120.0,2e-05,0.0006856465275595837,914000
915,1846.0,0.05,169.0,2e-05,0.00045624404490990855,915000
916,1925.0,0.05,170.0,2e-05,0.0008935816652228823,916000
917,1879.0,0.05,152.0,2e-05,0.0018811040784312354,917000
918,1887.0,0.05,160.0,2e-05,0.0013880145255097886,918000
919,1857.0,0.05,152.0,2e-05,0.0026611547047214116,919000
920,1834.0,0.05,176.0,2e-05,0.007241300055582542,920000
921,1739.0,0.05,215.0,2e-05,0.003870532761255163,921000
922,1499.0,0.05,281.0,2e-05,0.001403196465667861,922000
923,1714.0,0.05,198.0,2e-05,0.003547620259530959,923000
924,1852.0,0.05,160.0,2e-05,0.0018844230266295199,924000
925,2111.0,0.05,119.0,2e-05,0.0006141972997884296,925000
926,2322.0,0.05,67.0,2e-05,0.0008173715586490288,926000
927,1760.0,0.05,187.0,2e-05,0.000551041750004515,927000
928,1783.0,0.05,192.0,2e-05,0.0005175921779427881,928000
929,1717.0,0.05,194.0,2e-05,0.0011098133731757115,929000
930,1381.0,0.05,291.0,2e-05,0.006659877621234046,930000
931,1749.0,0.05,196.0,2e-05,0.00431474202843674,931000
932,1781.0,0.05,189.0,2e-05,0.0007739376072277083,932000
933,1801.0,0.05,184.0,2e-05,0.0011259419385896763,933000
934,1674.0,0.05,217.0,2e-05,0.0007761372499444406,934000
935,1230.0,0.05,321.0,2e-05,0.0017803239491186104,935000
936,1338.0,0.05,292.0,2e-05,0.002464468721896992,936000
937,1491.0,0.05,269.0,2e-05,0.002017699885327602,937000
938,1851.0,0.05,180.0,2e-05,0.002484137163606647,938000
939,2018.0,0.05,140.0,2e-05,0.0011166117761968054,939000
940,1969.0,0.05,140.0,2e-05,0.006892515690604341,940000
941,1793.0,0.05,199.0,2e-05,0.0017760439202174894,941000
942,1837.0,0.05,198.0,2e-05,0.0008372483680941514,942000
943,1532.0,0.05,268.0,2e-05,0.0018894847941337502,943000
944,1763.0,0.05,213.0,2e-05,0.0021159810806420866,944000
945,1702.0,0.05,196.0,2e-05,0.004109595073889068,945000
946,1759.0,0.05,210.0,2e-05,0.0010936646245318115,946000
947,1421.0,0.05,291.0,2e-05,0.002639894414609444,947000
948,1787.0,0.05,179.0,2e-05,0.002863553432543995,948000
949,1374.0,0.05,299.0,2e-05,0.0014425234506597916,949000
950,1432.0,0.05,287.0,2e-05,0.008164112797239796,950000
951,1683.0,0.05,203.0,2e-05,0.001413662658262183,951000
952,1620.0,0.05,242.0,2e-05,0.0018692023081530351,952000
953,1562.0,0.05,257.0,2e-05,0.0011238832054950763,953000
954,1562.0,0.05,256.0,2e-05,0.001205993639829103,954000
955,1591.0,0.05,239.0,2e-05,0.0019553967184037903,955000
956,1812.0,0.05,204.0,2e-05,0.0016004774045140949,956000
957,1979.0,0.05,149.0,2e-05,0.0005921782145560428,957000
958,1764.0,0.05,187.0,2e-05,0.0011785226141109888,958000
959,1498.0,0.05,265.0,2e-05,0.0009317347212745517,959000
960,1800.0,0.05,174.0,2e-05,0.011405496510284137,960000
961,1713.0,0.05,198.0,2e-05,0.0005795967978265253,961000
962,1689.0,0.05,212.0,2e-05,0.0009359158219995152,962000
963,1563.0,0.05,249.0,2e-05,0.0009204393047402845,963000
964,1827.0,0.05,173.0,2e-05,0.0016026014560484327,964000
965,1877.0,0.05,168.0,2e-05,0.0011526090004699654,965000
966,2390.0,0.05,38.0,2e-05,0.001470852771519276,966000
967,1981.0,0.05,131.0,2e-05,0.0005050996821209992,967000
968,2001.0,0.05,140.0,2e-05,0.0004512013212997772,968000
969,1866.0,0.05,169.0,2e-05,0.0011721918204038956,969000
970,2069.0,0.05,118.0,2e-05,0.006841965053303284,970000
971,1874.0,0.05,182.0,2e-05,0.0005882170876539021,971000
972,2031.0,0.05,124.0,2e-05,0.0006951322648637869,972000
973,1925.0,0.05,162.0,2e-05,0.0006124159823848458,973000
974,1952.0,0.05,144.0,2e-05,0.0008736300281962031,974000
975,1899.0,0.05,158.0,2e-05,0.0005294336689239572,975000
976,1385.0,0.05,297.0,2e-05,0.0010301749309328443,976000
977,1332.0,0.05,287.0,2e-05,0.0016876115692648454,977000
978,1875.0,0.05,175.0,2e-05,0.0020517062377257388,978000
979,1839.0,0.05,175.0,2e-05,0.0004806302936631255,979000
980,1823.0,0.05,186.0,2e-05,0.008805612360985832,980000
981,2011.0,0.05,145.0,2e-05,0.0012178583909917507,981000
982,2085.0,0.05,112.0,2e-05,0.0010256653257492872,982000
983,1537.0,0.05,271.0,2e-05,0.0006148786952835508,983000
984,1570.0,0.05,249.0,2e-05,0.0022324116402232903,984000
985,1675.0,0.05,240.0,2e-05,0.001700875283931964,985000
986,1387.0,0.05,316.0,2e-05,0.0014631566259195098,986000
987,1404.0,0.05,297.0,2e-05,0.005682670454581967,987000
988,1402.0,0.05,311.0,2e-05,0.0038290294319740497,988000
989,1442.0,0.05,290.0,2e-05,0.001915675277916307,989000
990,1417.0,0.05,288.0,2e-05,0.009524855083829607,990000
991,1623.0,0.05,223.0,2e-05,0.0023367695715933224,991000
992,1839.0,0.05,183.0,2e-05,0.0008267584965105925,992000
993,1754.0,0.05,196.0,2e-05,0.0008100461276208079,993000
994,1748.0,0.05,191.0,2e-05,0.0011311965137028891,994000
995,1784.0,0.05,176.0,2e-05,0.00037490946090747455,995000
996,1783.0,0.05,177.0,2e-05,0.0008688357841165271,996000
997,1848.0,0.05,166.0,2e-05,0.0005154466892272467,997000
998,1819.0,0.05,169.0,2e-05,0.0006972671111907402,998000
999,1544.0,0.05,256.0,2e-05,0.0005685846638589282,999000
